{
  "$schema": "https://biomejs.dev/schemas/1.7.2/schema.json",
  "files": {
    "ignore": ["node_modules", "build", "public", "bucket", "output", ".wrangler"]
  },
  "organizeImports": {
    "enabled": true
  },
  "linter": {
    "enabled": true,
    "rules": {
      "recommended": true,
      "correctness": {
        "useExhaustiveDependencies": "off"
      },
      "style": {
        "useEnumInitializers": "off"
      }
    }
  },
  "formatter": {
    "enabled": true,
    "indentStyle": "space",
    "lineWidth": 150
  },
  "javascript": {
    "formatter": {
      "quoteStyle": "single"
    }
  },
  "json": {
    "parser": {
      "allowComments": true
    }
  },
  "overrides": [
    {
      "include": ["package.json"],
      "formatter": {
        "enabled": false
      }
    }
  ]
}
